title,url,classification,reason,status,ceo_matches,company_matches,company_link_found,company_links,relevance_score,excerpt,source,search_query,article_text_length
"proRITHM Expands Southern India Presence, Eyes ...",https://www.passionateinmarketing.com/prorithm-by-deepfacts-accelerates-expansion-across-southern-india-eyes-nationwide-presence-by-early-2027/,REVIEW,403 Client Error: Forbidden for url: https://www.passionateinmarketing.com/prorithm-by-deepfacts-accelerates-expansion-across-southern-india-eyes-nationwide-presence-by-early-2027/,FETCH_ERROR,,,,,,,,,
"DeepFacts Unveils proRITHM Expansion Plan Across Southern India, Targets Nationwide Presence by Early 2027",https://millenniumnewsroom.com/healthcare/deepfacts-unveils-prorithm-expansion-plan-across-southern-india-targets-nationwide-presence-by-early-2027,RELEVANT_UNLINKED,CEO and company mentioned; no company URL found,ANALYZED,Vamsi Karatam,proRITHM; proRithm; Prorithm,False,,11.0,"DeepFacts Unveils proRITHM Expansion Plan Across Southern India, Targets Nationwide Presence by Early 2027 Healthcare DeepFacts Unveils proRITHM Expansion Plan Across Southern India, Targets Nationwide Presence by Early 2027 By MILLENNIUM NEWSROOM Desk · Published: Jul 27, 2026 01:00 PM · Updated: Sep 03, 2026 11:26 PM 3 min read Hyderabad, July 27, 2026: DeepFacts Pvt. Ltd., the HealthTech company behind its AI-powered remote patient monit",google,"""Vamsi Karatam"" proRITHM",4183.0
3 Startups Powering the Future of Connected Healthcare in India,https://m.dailyhunt.in/news/india/english/tycoon+world-epaper-dh4c6a646b987d48f5b87f17d40865f089/3+startups+powering+the+future+of+connected+healthcare+in+india-newsid-dh4c6a646b987d48f5b87f17d40865f089_44216d505a9e11f1b9f792cb267e17aa,RELEVANT_UNLINKED,CEO and company mentioned; no company URL found,ANALYZED,Vamsi Karatam,proRITHM; proRithm; Prorithm,False,,11.0,"building AI-enabled, connected healthcare ecosystems. From remote monitoring to predictive diagnostics, these companies are reshaping how healthcare is delivered beyond hospitals. proRITHM Developed by DeepFacts Pvt. Ltd., proRITHM is an AI- and IoT-powered remote patient monitoring platform focused on preventive and continuous healthcare. Founded by Vamsi Karatam, the platform combines wearable wireless devices with predictive analytics to monitor patients in real time. By tracking",google,"""Vamsi Karatam"" proRITHM",1450.0
,https://www.ijcmph.com/index.php/ijcmph/citationstylelanguage/get/chicago-author-date?submissionId=12690&publicationId=10491,IRRELEVANT,No target entity found in article text,ANALYZED,,,False,,0.0,,google,"""Vamsi Karatam"" proRITHM",0.0
proRITHM,https://smestreet.in/tags/prorithm,REVIEW,Only one entity or weak context matched,ANALYZED,,proRITHM; proRithm; Prorithm,False,,7.0,"proRITHM proRITHM DeepFacts’ proRITHM Recognized Among Top MedTech Innovations in Andhra Pradesh The MedTech Innovation Challenge was launched in November 2025 by the Department of Health, Medical Education and Family Welfare, Government of Andhra Pradesh, in partnership with the APIS",google,"""Vamsi Karatam"" proRITHM",276.0
DeepFacts’ proRITHM Recognized Among Top MedTech Innovations in Andhra Pradesh,https://smestreet.in/sectors/deepfacts-prorithm-recognized-among-top-medtech-innovations-in-andhra-pradesh-11889576,RELEVANT_UNLINKED,CEO and company mentioned; no company URL found,ANALYZED,Vamsi Karatam,proRITHM; proRithm; Prorithm; DeepFacts Private Limited,False,,11.0,"DeepFacts’ proRITHM Recognized Among Top MedTech Innovations in Andhra Pradesh DeepFacts Private Limited’s proRITHM, a wireless, wearable AI-powered remote patient monitoring solution, has emerged as one of the top-performing healthcare innovations under Andhra Pradesh’s MedTech Innovation Challenge, securing the position of second runner-up in the Remote Care and Telemedicine category. The MedTech Innovation Ch",google_news,"""Vamsi Karatam"" proRITHM",2726.0
How proRITHM by DeepFacts Helps Doctors Monitor Patients in Real Time - Indian Startup Times,https://www.indianstartuptimes.com/interviews/how-prorithm-by-deepfacts-helps-doctors-monitor-patients-in-real-time/,RELEVANT_UNLINKED,CEO and company mentioned; no company URL found,ANALYZED,Vamsi Karatam,proRITHM; proRithm; Prorithm,False,,11.0,"How proRITHM by DeepFacts Helps Doctors Monitor Patients in Real Time - Indian Startup Times Introduction DeepFacts is a healthcare startup working at the intersection of technology and patient care. Founded by Vamsi Karatam, the company is focused on solving a problem that often goes unnoticed in hospitals : p",google_news,"""Vamsi Karatam"" proRITHM",4748.0
"proRITHM accelerates expansion across Southern India, eyes nationwide presence by early 2027",https://www.biospectrumindia.com/news/16/28218/prorithm-accelerates-expansion-across-southern-india-eyes-nationwide-presence-by-early-2027.html,RELEVANT_UNLINKED,CEO and company mentioned; no company URL found,ANALYZED,Vamsi Karatam,proRITHM; proRithm; Prorithm,False,,11.0,"proRITHM accelerates expansion across Southern India, eyes nationwide presence by early 2027 DeepFacts, a HealthTech startup behind proRITHM (an AI- and IoT-enabled Smart Remote Patient Monitoring platform), has announced its expansion roadmap, with plans to strengthen its presence across Andhra Pradesh, Karnataka, Tamil Nadu, and Odisha before expanding across India by early 2027. It already holds a strong ground in Telangana. The comp",google_news,"""Vamsi Karatam"" proRITHM",1499.0
"DeepFacts Unveils Expansion Roadmap for proRITHM, Targets Pan India Presence by Early 2027",https://www.digitalhealthnews.com/deepfacts-unveils-expansion-roadmap-for-prorithm-targets-pan-india-presence-by-early-2027,RELEVANT_UNLINKED,CEO and company mentioned; no company URL found,ANALYZED,Vamsi Karatam,proRITHM; proRithm; Prorithm,False,,11.0,"DeepFacts Unveils Expansion Roadmap for proRITHM, Targets Pan India Presence by Early 2027 DeepFacts Unveils Expansion Roadmap for proRITHM, Targets Pan India Presence by Early 2027 The company already has a strong presence in Telangana and is also preparing to enter the U.S. market by late 2027 or early 2028 as it continues to scale its AI-enabled healthcare solutions. DeepFacts, the HealthTech company behind proRITHM, has announced i",google_news,"""Vamsi Karatam"" proRITHM",2597.0
Other Related stories,https://www.indianpharmapost.com/digitisation/prorithm-named-among-top-4-ai-based-healthcare-technologies-20652,RELEVANT_UNLINKED,CEO and company mentioned; no company URL found,ANALYZED,Vamsi Karatam,proRITHM; proRithm; Prorithm; DeepFacts Private Limited,False,,11.0,"Related stories AI-powered remote patient monitoring platform earns recognition at AI in Healthcare 2.0 for advancing continuous, preventive, and personalized healthcare delivery proRITHM, an AI- and IoT-enabled Smart Remote Patient Monitoring (RPM) platform, has been recognized among the Top 4 AI-Based Healthcare Technologies at AI in Healthcare 2.0: Powering Precision & Personalising Care, one of India’s largest conferences focused on the application of artificial intelligence in",google_news,"""Vamsi Karatam"" proRITHM",2229.0
"proRITHM by DeepFacts Accelerates Expansion Across Southern India, Eyes Nationwide Presence by Early 2027",https://www.itvoice.in/prorithm-by-deepfacts-accelerates-expansion-across-southern-india-eyes-nationwide-presence-by-early-2027,RELEVANT_UNLINKED,CEO and company mentioned; no company URL found,ANALYZED,Vamsi Karatam,proRITHM; proRithm; Prorithm,False,,11.0,"proRITHM by DeepFacts Accelerates Expansion Across Southern India, Eyes Nationwide Presence by Early 2027 DeepFacts Pvt. Ltd., the HealthTech company behind proRITHM, has announced its expansion roadmap, with plans to strengthen its presence across Andhra Pradesh, Karnataka, Tamil Nadu, and Odisha before expanding across India by early 2027. It already holds a strong ground in Telangana. The company is also preparing for its entry into the U.S. market by late 2",google_news,"""Vamsi Karatam"" proRITHM",2468.0
Hidden health cost of being sedentary,https://www.hindustantimes.com/ht-insight/public-health/hidden-health-cost-of-being-sedentary-101785241031339.html,RELEVANT_UNLINKED,CEO and company mentioned; no company URL found,ANALYZED,Vamsi Karatam,proRITHM; proRithm; Prorithm; DeepFacts Private Limited,False,,11.0,"Hidden health cost of being sedentary Hidden health cost of being sedentary This article is authored by Vamsi Karatam, founder & CEO, DeepFacts Private Limited (proRITHM). There is no shortage of discussions surrounding poor nutrition, insufficient sleep, smoking, and stress. However, sitting rarely makes that list. This should change. One of the major health threats to people living in the contemporary society is not what they do; on the contrary, it concerns what",google_news,"""Vamsi Karatam"" proRITHM",3704.0
Empowering Healthcare with Advanced Remote Patient Monitoring,https://prorithm.com/,REVIEW,Only one entity or weak context matched,ANALYZED,,proRITHM; proRithm; Prorithm,True,https://prorithm.com/#__docusaurus_skipToContent_fallback; https://prorithm.com/; https://prorithm.com/about; https://prorithm.com/#contact; https://prorithm.com/#schedule-demo; https://prorithm.com/about-us; https://prorithm.com/contact-prorithm; https://prorithm.com/use-cases; https://prorithm.com/news-and-updates; https://prorithm.com/blogs; https://prorithm.com/faqs; https://prorithm.com/our-story; https://prorithm.com/career; https://prorithm.com/contact; https://prorithm.com/; https://prorithm.com/; https://prorithm.com/,7.0,"verage technology to reduce the patientâdoctor geographic distance with a proactive and predictive screening system. Simplifying Remote Patient Monitoring And Early Detection with proRITHM At proRITHM, we are transforming patient care with our groundbreaking technology. Our advanced RPM (Remote Patient Monitoring) platform, equipped with cutting-edge proRITHM devices, continuously tracks essential health metrics in real-time. This ensures improved health outcomes and provides peace o",google,"""Vamsi Karatam"" proRithm",2570.0
proRITHM,https://in.linkedin.com/showcase/prorithm/,REVIEW,Only one entity or weak context matched,ANALYZED,,proRITHM; proRithm; Prorithm,True,http://www.prorithm.com?trk=organization_guest_main-feed-card-text; http://www.prorithm.com?trk=organization_guest_main-feed-card-text,7.0,"proRITHM proRITHM reposted this Scientists finally have a regenerative alternative to surgery for chronic neck and back pain sufferers. And it's a gel. Medical science is pivoting from merely managing chronic spinal pain to actively reversing it through the use of advanced, injectable hydrogels. These biocompatible",google,"""Vamsi Karatam"" proRithm",2112.0
Prorithm - Company Profile,https://tracxn.com/d/companies/prorithm/__trC4zKau_3ME-_v-R6ISqgxNBQ0yAPoOkj4V2hDbzFM,REVIEW,Only one entity or weak context matched,ANALYZED,,proRITHM; proRithm; Prorithm,True,https://prorithm.com; https://prorithm.com; https://prorithm.com,7.0,"Prorithm - Company Profile Prorithm - About the company Prorithm is an unfunded company based in Hyderabad (India), founded in 2024. It operates as a Platform offering remote patient monitoring solutions. Prorithm has not raised any funding yet. The company has 74 active competitors, including 14 funded and 1 that has exited. Its top competitors include companie",google,"""Vamsi Karatam"" proRithm",701.0
A comparative study of ProRithm and standard monitoring techniques for non-invasive blood pressure measurement using photoplethysmography and electrocardiography signals through artificial intelligence/machine learning methods,https://www.ijcmph.com/index.php/ijcmph/article/view/12690,REVIEW,Only one entity or weak context matched,ANALYZED,,proRITHM; proRithm; Prorithm,False,,7.0,A comparative study of ProRithm and standard monitoring techniques for non-invasive blood pressure measurement using photoplethysmography and electrocardiography signals through artificial intelligence/machine learning methods A comparative study of ProRithm and standard monitoring techniques for non-invasive blood pressure measu,google,"""Vamsi Karatam"" proRithm",3955.0
DeepFacts’ proRITHM Recognized Among Top MedTech Innovations in Andhra Pradesh,https://www.itvoice.in/deepfacts-prorithm-recognized-among-top-medtech-innovations-in-andhra-pradesh,RELEVANT_UNLINKED,CEO and company mentioned; no company URL found,ANALYZED,Vamsi Karatam,proRITHM; proRithm; Prorithm; DeepFacts Private Limited,False,,11.0,"DeepFacts’ proRITHM Recognized Among Top MedTech Innovations in Andhra Pradesh DeepFacts Private Limited’s proRITHM, a wireless, wearable AI-powered remote patient monitoring solution, has emerged as one of the top-performing healthcare innovations under Andhra Pradesh’s MedTech Innovation Challenge, securing the position of second runner-up in the Remote Care and Telemedicine category. The MedTech Innovation Ch",google_news,"""Vamsi Karatam"" proRithm",2726.0
,https://in.linkedin.com/in/vamsi-karatam,IRRELEVANT,No target entity found in article text,ANALYZED,,,False,,0.0,,google,"""Vamsi Karatam"" Prorithm",0.0
The Future Of Cardiac Monitoring Is Here.,https://deepfacts.io/,RELEVANT_LINKED,CEO and company mentioned; company URL found,ANALYZED,Vamsi Karatam,proRITHM; proRithm; Prorithm; DeepFacts Private Limited,True,https://prorithm.com/,11.0,"drive meaningful healthcare impact, let's connect and create the future of remote healthcare. Oxygen Saturation Heart Rate Blood Pressure Electrocardiogram Temperature Arrhythmia Prorithm proRITHM is an AI-driven Remote Patient Monitoring (RPM) platform built around an advanced wearable medical device. Designed for both in-hospital, non-ICU settings (like HDUs and general wards) and home use, the device continuously tracks a patient's essential physiological parameters â Heart Rate,",google,"""Vamsi Karatam"" Prorithm",3092.0
DeepFacts Private Limited and KodeBlue ...,https://prorithm.com/deepfacts-private-limited-and-kodeblue-private-limited-partner-to-launchindias-first-smart-ambulance-service/,REVIEW,404 Client Error: Not Found for url: https://prorithm.com/deepfacts-private-limited-and-kodeblue-private-limited-partner-to-launchindias-first-smart-ambulance-service/,FETCH_ERROR,,,,,,,,,
A comparative study of proRITHM and standard monitoring techniques for non-invasive blood pressure measurement using photoplethysmography and electrocardiography signals through artificial intelligence/machine learning methods,https://prorithm.com/publications/,RELEVANT_LINKED,CEO and company mentioned; company URL found,ANALYZED,Vamsi Karatam,proRITHM; proRithm; Prorithm,True,https://prorithm.com/wp-content/uploads/2024/08/Publication-1.pdf; https://prorithm.com/wp-content/uploads/2024/08/Publication-1.pdf; https://prorithm.com/wp-content/uploads/2024/08/Publication-1.pdf; https://prorithm.com/use-cases; https://prorithm.com/news-and-updates; https://prorithm.com/blogs; https://prorithm.com/faqs; https://prorithm.com/our-story; https://prorithm.com/career; https://prorithm.com/contact; https://prorithm.com/publications/; https://prorithm.com/publications/; https://prorithm.com/publications/,9.0,A comparative study of proRITHM and standard monitoring techniques for non-invasive blood pressure measurement using photoplethysmography and electrocardiography signals through artificial intelligence/machine learning methods A comparative study of proRITHM and standard monitoring techniques for non-invasive blood pressure measu,google,"""Vamsi Karatam"" Prorithm",322.0
proRITHM named among top 4 AI-based healthcare technologies,https://www.indianpharmapost.com/digitisation/lite/prorithm-named-among-top-4-ai-based-healthcare-technologies-20652,RELEVANT_UNLINKED,CEO and company mentioned; no company URL found,ANALYZED,Vamsi Karatam,proRITHM; proRithm; Prorithm; DeepFacts Private Limited,False,,11.0,"proRITHM named among top 4 AI-based healthcare technologies AI-powered remote patient monitoring platform earns recognition at AI in Healthcare 2.0 for advancing continuous, preventive, and personalized healthcare delivery proRITHM, an AI- and IoT-enabled Smart Remote Patient Monitoring (RPM) platform, has",google,"""Vamsi Karatam"" DeepFacts Private Limited",2229.0
Top 3 Startups Transforming India’s Remote Patient Monitoring Ecosystem,https://www.pninews.com/amp/top-3-startups-transforming-indias-remote-patient-monitoring-ecosystem-2/,RELEVANT_UNLINKED,CEO and company mentioned; no company URL found,ANALYZED,Vamsi Karatam,proRITHM; proRithm; Prorithm,False,,11.0,"continuous monitoring grows, a new generation of startups is building intelligent healthcare infrastructure for the future. Here are three startups driving this transformation: 1. proRITHM proRITHM, developed by DeepFacts Pvt. Ltd. and founded by Vamsi Karatam, is an AI- and IoT-enabled remote patient monitoring platform focused on continuous healthcare delivery. The platform combines wearable wireless devices, real-time health tracking, and predictive analytics to help healthcare pr",google,"""Vamsi Karatam"" DeepFacts Private Limited",2322.0
proRITHM Wins Top AI Healthcare Recognition,https://www.passionateinmarketing.com/prorithm-recognized-among-top-4-ai-based-healthcare-technologies-at-indias-largest-ai-healthcare-summit/,REVIEW,403 Client Error: Forbidden for url: https://www.passionateinmarketing.com/prorithm-recognized-among-top-4-ai-based-healthcare-technologies-at-indias-largest-ai-healthcare-summit/,FETCH_ERROR,,,,,,,,,
3 Startups Powering the Future of Connected Healthcare in India,https://tycoonworld.in/3-startups-powering-the-future-of-connected-healthcare-in-india/,RELEVANT_UNLINKED,CEO and company mentioned; no company URL found,ANALYZED,Vamsi Karatam,proRITHM; proRithm; Prorithm,False,,11.0,"ilding AI-enabled, connected healthcare ecosystems. From remote monitoring to predictive diagnostics, these companies are reshaping how healthcare is delivered beyond hospitals. - proRITHM Developed by DeepFacts Pvt. Ltd., proRITHM is an AI- and IoT-powered remote patient monitoring platform focused on preventive and continuous healthcare. Founded by Vamsi Karatam, the platform combines wearable wireless devices with predictive analytics to monitor patients in real time. By tracking",google,"""Vamsi Karatam"" DeepFacts Private Limited",1456.0
"AI Appreciation Day 2026: Trust and infrastructure emerge as the next frontier for AI, say experts",https://www.thehansindia.com/live-updates/ai-appreciation-day-2026-trust-and-infrastructure-emerge-as-the-next-frontier-for-ai-say-experts-1098044/buzz-page-number-7,IRRELEVANT,No target entity found in article text,ANALYZED,,,False,,0.0,,google,"""Vamsi Karatam"" DeepFacts Private Limited",987.0
DeepFacts charts pan-India expansion for AI remote patient monitoring platform proRITHM,https://www.expresshealthcare.in/news/deepfacts-charts-pan-india-expansion-for-ai-remote-patient-monitoring-platform-prorithm/454498/,RELEVANT_UNLINKED,CEO and company mentioned; no company URL found,ANALYZED,Vamsi Karatam,proRITHM; proRithm; Prorithm,False,,11.0,"DeepFacts charts pan-India expansion for AI remote patient monitoring platform proRITHM DeepFacts charts pan-India expansion for AI remote patient monitoring platform proRITHM HealthTech company plans expansion across four states before entering the US market, while advancing AI-enabled remote patient monitoring DeepFacts Pvt. Ltd., the HealthTech company behind proRITHM, has announced its expansion roadmap, with plans to strengthen its presence across Andhra Pradesh, Ka",google_news,"""Vamsi Karatam"" DeepFacts Private Limited",2565.0
Other Related stories,https://www.indianpharmapost.com/medical-device/deepfacts-charts-pan-india-expansion-eyes-us-market-by-2028-21083,RELEVANT_UNLINKED,CEO and company mentioned; no company URL found,ANALYZED,Vamsi Karatam,proRITHM; proRithm; Prorithm,False,,11.0,"plans to expand across southern India before nationwide rollout in early 2027 DeepFacts Pvt. Ltd., the HealthTech company behind the AI-powered remote patient monitoring platform proRITHM, has unveiled an ambitious expansion roadmap, with plans to strengthen its presence across Andhra Pradesh, Karnataka, Tamil Nadu, and Odisha before expanding nationwide by early 2027. The company currently has a strong presence in Telangana and is also preparing to enter the US market by late 2027",google_news,"""Vamsi Karatam"" DeepFacts Private Limited",2138.0
AI Appreciation Day | Quote on responsible AI usage,https://newspatrolling.com/ai-appreciation-day-quote-on-responsible-ai-usage/,RELEVANT_UNLINKED,CEO and company mentioned; no company URL found,ANALYZED,Vamsi Karatam,proRITHM; proRithm; Prorithm; DeepFacts Private Limited,False,,11.0,"” - National AI Appreciation Day is a moment to recognise how artificial intelligence is helping healthcare move from information overload to meaningful clinical understanding. At proRITHM, we believe the true value of AI lies in its ability to support medical expertise, making complex healthcare information easier to interpret and enabling timely, informed decisions. Our focus is on using AI to strengthen remote monitoring and screening capabilities, extend access to specialised ins",google_news,"""Vamsi Karatam"" DeepFacts Private Limited",21026.0
,https://rich.telangana.gov.in/assets/pdfs/Reports/Startups-Compendium-Healthcare-and-Public-Health-All-Cluster-Meeting.pdf,IRRELEVANT,No target entity found in article text,ANALYZED,,,False,,0.0,,google,"""Vamsi Karatam"" DeepFacts Pvt Ltd",0.0
Acta Scientific | International Open Library | Journals Publishing Group,https://actascientific.com/ASMS-10-8.php,REVIEW,Only one entity or weak context matched,ANALYZED,Vamsi Krishna Karatam; Venkata Vamsi Krishna Karatam,,False,,6.0,"ulaiman, Ahmed Aljohani, Nojood Althubaity, Alhanouf Alsubaie, Nora Alharthi, Joud Albugami, Jory Bathinin and Raneem Alsufyani Published: July 23, 2026; Volume 10 Issue 8: 21-27. Venkata Vamsi Krishna Karatam, Bandireddy Durga Vikas, Pujari Jagannadharao and Dinesh Babu Kannan Published: July 27, 2026; Volume 10 Issue 8: 66-77. Guyver Chuan Jin Tan and Maurice Han Tong Ling Published: July 30, 2026; Volume 10 Issue 8: 87-96. Alma Delia Yáñez González, Jonathan Abdiel Calderon Nava and Ricardo Javier Pon",google,"""Vamsi Krishna Karatam"" proRithm",12637.0
Limitededt India,https://limitededt.in/?srsltid=AU7gw4XAEYLr4hwJN4vUqL_6-H97xP35PHIRxgPAE6wt4ZMowpQY2pm9,IRRELEVANT,No target entity found in article text,ANALYZED,,,False,,0.0,,google,"""Vamsi Krishna Karatam"" DeepFacts Private Limited",136.0
LIMITED | English meaning - Cambridge Dictionary,https://dictionary.cambridge.org/dictionary/english/limited,REVIEW,403 Client Error: Forbidden for url: https://dictionary.cambridge.org/dictionary/english/limited,FETCH_ERROR,,,,,,,,,
BEML,https://www.bemlindia.in/,IRRELEVANT,No target entity found in article text,ANALYZED,,,False,,0.0,,google,"""Vamsi Krishna Karatam"" DeepFacts Private Limited",1129.0
UJVN Limited,https://ujvnl.uk.gov.in/,IRRELEVANT,No target entity found in article text,ANALYZED,,,False,,0.0,,google,"""Vamsi Krishna Karatam"" DeepFacts Private Limited",361.0
Growth is Life,https://www.ril.com/,IRRELEVANT,No target entity found in article text,ANALYZED,,,False,,2.0,,google,"""Vamsi Krishna Karatam"" DeepFacts Private Limited",92606.0
GIL - enabling e- Governance,https://gil.gujarat.gov.in/,IRRELEVANT,No target entity found in article text,ANALYZED,,,False,,0.0,,google,"""Vamsi Krishna Karatam"" DeepFacts Private Limited",58.0
Limited company,https://en.wikipedia.org/wiki/Limited_company,IRRELEVANT,No target entity found in article text,ANALYZED,,,False,,0.0,,google,"""Vamsi Krishna Karatam"" DeepFacts Private Limited",9565.0
ICRA Ratings,https://www.icra.in/,IRRELEVANT,No target entity found in article text,ANALYZED,,,False,,0.0,,google,"""Vamsi Krishna Karatam"" DeepFacts Private Limited",600.0
Welcome to MCL,https://www.mahanadicoal.in/Welcome.php,IRRELEVANT,No target entity found in article text,ANALYZED,,,False,,0.0,,google,"""Vamsi Krishna Karatam"" DeepFacts Private Limited",134.0
Vector Based Ai Driven Device For Advanced Health Monitoring Using Biological And Cardiac Signals,https://www.quickcompany.in/patents/vector-based-ai-driven-device-for-advanced-health-monitoring-using-biological-and-cardiac-signals,IRRELEVANT,No target entity found in article text,ANALYZED,,,False,,2.0,,google,"""Vamsi Krishna Karatam"" DeepFacts Pvt Ltd",33921.0
About Us – Gentle Heart,https://thegentlehearts.com/about-us/,IRRELEVANT,No target entity found in article text,ANALYZED,,,False,,2.0,,google,"""Vamsi Karatam""",1826.0
NIDHI PRAYAS V1,https://nidhi-prayas.org/prayasees/2018PC19/,IRRELEVANT,No target entity found in article text,ANALYZED,,,False,,2.0,,google,"""Vamsi Krishna Karatam""",2079.0
GST Details of VTSRN SYSTEMS PRIVATE LIMITED 36AAFCV8477Q1Z7 Telengana,https://gst.jamku.app/gstin/36AAFCV8477Q1Z7,REVIEW,Only one entity or weak context matched,ANALYZED,Vamsi Krishna Karatam; Venkata Vamsi Krishna Karatam,,False,,4.0,b 2019 | | 2018-2019 | April | 08 Feb 2019 | | 2017-2018 | March | 08 Feb 2019 | | 2017-2018 | February | 08 Feb 2019 | | 2017-2018 | January | 08 Feb 2019 | - 00440452 - 00440057 venkata vamsi krishna karatam mangatayaru budhala sri ram nadh mandali No return periodicity found for this GSTIN. - Supplier of Services No similar GSTIN found,google,"""Vamsi Krishna Karatam""",1899.0
Acta Scientific | International Open Library | Open Access Journals Publishing Group,https://actascientific.com/ASMS/ASMS-10-2272.php,RELEVANT_UNLINKED,CEO and company mentioned; no company URL found,ANALYZED,Vamsi Krishna Karatam; Venkata Vamsi Krishna Karatam,proRITHM; proRithm; Prorithm,False,,11.0,"ntific | International Open Library | Open Access Journals Publishing Group Acta Scientific Medical Sciences (ASMS)(ISSN: 2582-0931) Review Article Volume 10 Issue 8 Validation of proRithm Device for Reduction of Patient Onboarding Time in Ambulances Venkata Vamsi Krishna Karatam 1 *, Bandireddy Durga Vikas 2 , Pujari Jagannadharao 3 and Dinesh Babu Kannan 4 1 B.Tech., PG Diploma in e-Business (UK) Founder and CEO, India 2 B.Tech., Back-end Developer, India 2 B.Tech., Embedded Engine",google,"""Venkata Vamsi Krishna Karatam""",6885.0
Warning signs of Mineral Deficiencies,https://prorithm.com/warning-signs-of-mineral-deficiencies/,REVIEW,404 Client Error: Not Found for url: https://prorithm.com/warning-signs-of-mineral-deficiencies/,FETCH_ERROR,,,,,,,,,
"proRITHM accelerates expansion across Southern India, eyes nationwide presence by early 2027",https://www.biospectrumindia.com/news/20/28218/prorithm-accelerates-expansion-across-southern-india-eyes-nationwide-presence-by-early-2027.html,RELEVANT_UNLINKED,CEO and company mentioned; no company URL found,ANALYZED,Vamsi Karatam,proRITHM; proRithm; Prorithm,False,,11.0,"proRITHM accelerates expansion across Southern India, eyes nationwide presence by early 2027 DeepFacts, a HealthTech startup behind proRITHM (an AI- and IoT-enabled Smart Remote Patient Monitoring platform), has announced its expansion roadmap, with plans to strengthen its presence across Andhra Pradesh, Karnataka, Tamil Nadu, and Odisha before expanding across India by early 2027. It already holds a strong ground in Telangana. The comp",google,"""proRITHM"" healthcare",1499.0
proRITHM OP,https://play.google.com/store/apps/details?id=com.deepfacts.proRithm.op&hl=ln,REVIEW,Only one entity or weak context matched,ANALYZED,,proRITHM; proRithm; Prorithm,True,https://prorithm.com/; https://prorithm.com/privacy-policy/,7.0,"proRITHM OP proRITHM OP is a cutting-edge solution designed to revolutionize how outpatient health screenings are conducted. By focusing on accessibility, accuracy, and ease of use, it empowers healthcare providers and patients alike to take charge of outpatient care. Whether it’s monitoring ECG, heart rate (HR), or bl",google,"""proRITHM"" healthcare",1467.0
Research shows exercise transforms every organ in the ...,https://prorithm.com/research-shows-exercise-transforms-every-organ-in-the-human-body-at-the-molecular-level/,REVIEW,404 Client Error: Not Found for url: https://prorithm.com/research-shows-exercise-transforms-every-organ-in-the-human-body-at-the-molecular-level/,FETCH_ERROR,,,,,,,,,
DeepFacts charts pan-India expansion for AI remote patient monitoring platform proRITHM,https://www.precedenceresearch.com/news/deepfacts-ai-remote-patient-monitoring-india,RELEVANT_UNLINKED,CEO and company mentioned; no company URL found,ANALYZED,Vamsi Karatam,proRITHM; proRithm; Prorithm,False,,11.0,"DeepFacts charts pan-India expansion for AI remote patient monitoring platform proRITHM DeepFacts charts pan-India expansion for AI remote patient monitoring platform proRITHM In July 2026, DeepFacts Pvt. Ltd., the HealthTech company behind proRITHM, announced its expansion roadmap and how it plans to strengthen its presence across states like Andhra Pradesh, Karnataka, Tamil Nadu, and Odisha before expanding across India by early 2027. The company already has a presence",google,"""proRITHM"" healthcare",6271.0
,https://www.ijcmph.com/index.php/ijcmph/article/download/12690/7606/59466,IRRELEVANT,No target entity found in article text,ANALYZED,,,False,,0.0,,google,"""proRITHM"" healthcare",0.0
,https://themauve.in/industry/brand-stories/prorithm-by-deepfacts-expands-in-south-india-eyes-pan-india-presence/,RELEVANT_UNLINKED,CEO and company mentioned; no company URL found,ANALYZED,Vamsi Karatam,proRITHM; proRithm; Prorithm,False,,11.0,"while strengthening its portfolio with three granted patents, strategic healthcare partnerships, and AI-powered remote patient monitoring technology. The HealthTech company behind proRITHM, has announced its expansion roadmap, with plans to strengthen its presence across Andhra Pradesh, Karnataka, Tamil Nadu, and Odisha before expanding across India by early 2027. It already holds a strong ground in Telangana. The company is also preparing for its entry into the U.S. market by late 2",google,"""proRITHM"" healthcare",3126.0
Scientists say insulin isn't only made by the pancreas,https://prorithm.com/scientists-say-insulin-isnt-only-made-by-the-pancreas/,REVIEW,404 Client Error: Not Found for url: https://prorithm.com/scientists-say-insulin-isnt-only-made-by-the-pancreas/,FETCH_ERROR,,,,,,,,,
(PDF) A comparative study of ProRithm and standard monitoring ...,https://www.researchgate.net/publication/381830011_A_comparative_study_of_ProRithm_and_standard_monitoring_techniques_for_non-invasive_blood_pressure_measurement_using_photoplethysmography_and_electrocardiography_signals_through_artificial_intelligenc,REVIEW,403 Client Error: Forbidden for url: https://www.researchgate.net/publication/381830011_A_comparative_study_of_ProRithm_and_standard_monitoring_techniques_for_non-invasive_blood_pressure_measurement_using_photoplethysmography_and_electrocardiography_signals_through_artificial_intelligenc,FETCH_ERROR,,,,,,,,,
proRITHM IR,https://play.google.com/store/apps/details?id=com.deepfacts.prorithm.ir&hl=as,REVIEW,Only one entity or weak context matched,ANALYZED,,proRITHM; proRithm; Prorithm,True,https://prorithm.com/; https://prorithm.com/privacy-policy/,7.0,"proRITHM IR In today’s fast-paced world, staying on top of health and wellness has never been more critical. proRITHM IR is a state-of-the-art solution designed to empower healthcare providers, caregivers, and patients by offering seamless Remote Patient Monitoring (RPM). With its focus on accessibility, affordability, and accuracy, the platform transforms how health data such as ECG, heart rate (HR), and blood pr",google,"""DeepFacts Private Limited"" healthcare",3868.0
"IIT Bombay's Technology Innovation Hub (TIH) All Set to Host ATMAN 3.0, an Eight-week Accelerator Powering Early-stage HealthTech Startups",https://thehomefashion.in/iit-bombays-technology-innovation-hub-tih-all-set-to-host-atman-3-0-an-eight-week-accelerator-powering-early-stage-healthtech-startups/,REVIEW,Only one entity or weak context matched,ANALYZED,,proRITHM; proRithm; Prorithm; DeepFacts Private Limited,False,,7.0,"abilitation platform designed for post-stroke therapy. Saintiant Technologies has developed Vitus, a portable vital health monitoring system to check cardiac and metabolic health. DeepFacts Private Limited presents proRITHM, an AI-powered wearable platform for real-time patient monitoring. MicroHeal focuses on managing chronic gut disorders through a digital therapeutic approach. Miraii.ai has designed a voice-enabled smart ring for seniors to detect falls and trigger immediate alerts. Mythri MedTech",google,"""DeepFacts Private Limited"" healthcare",6693.0
Ai Driven Multi Sensor Fall Detection And Causality Assessment System With Intelligent Emergency Response,https://www.quickcompany.in/patents/202541028841-e12d,IRRELEVANT,No target entity found in article text,ANALYZED,,,False,,2.0,,google,"""DeepFacts Private Limited"" healthcare",23960.0
proRITHM OP,https://play.google.com/store/apps/details?id=com.deepfacts.proRithm.op&hl=as,REVIEW,Only one entity or weak context matched,ANALYZED,,proRITHM; proRithm; Prorithm,True,https://prorithm.com/; https://prorithm.com/privacy-policy/,7.0,"proRITHM OP proRITHM OP is a cutting-edge solution designed to revolutionize how outpatient health screenings are conducted. By focusing on accessibility, accuracy, and ease of use, it empowers healthcare providers and patients alike to take charge of outpatient care. Whether it’s monitoring ECG, heart rate (HR), or bl",google,"""DeepFacts Private Limited"" healthcare",1463.0
,https://in.linkedin.com/in/janardhan-sunkara-221254194,IRRELEVANT,No target entity found in article text,ANALYZED,,,False,,0.0,,google,"""DeepFacts Private Limited"" healthcare",0.0
CBM India Launches Stakeholder Consultation to Shape LGBTQIA+ Health and Livelihood Initiative in Bengaluru,https://millenniumnewsroom.com/healthcare/cbm-india-launches-stakeholder-consultation-to-shape-lgbtqia-health-and-livelihood-initiative-in-bengaluru,IRRELEVANT,No target entity found in article text,ANALYZED,,,False,,2.0,,google,"""DeepFacts Pvt Ltd"" healthcare",4673.0
AIC-NALANDA INSTITUTE OF TECHNOLOGY FOUNDATION,https://www.aicnalanda.com/page/d2c-ascend-cohort-1,REVIEW,Only one entity or weak context matched,ANALYZED,,proRITHM; proRithm; Prorithm,True,https://prorithm.com/,7.0,"utcomes, and empower women. Cosmiclear offers natural beauty solutions crafted from authentic ingredients for eco-conscious individuals seeking healthier lifestyles and longevity. proRITHM revolutionizes healthcare with a wearable RPM device that provides real-time, AI-driven vitals tracking for hospitals, homes, and ambulances. DOUM is a technology-powered platform delivering hyperlocal home services and material supplies within 10 minutes through verified experts and vendors. EZmix",google,"""DeepFacts Pvt Ltd"" healthcare",3169.0
,https://www.justdial.com/Hyderabad/Diagnostic-Equipment-Dealers-in-Kphb-Phase-9/nct-10159461/page-2,IRRELEVANT,No target entity found in article text,ANALYZED,,,False,,0.0,,google,"""DeepFacts Pvt Ltd"" healthcare",0.0
,https://www.justdial.com/Chandrapur/Diagnostic-Equipment-Manufacturers/nct-10159469,IRRELEVANT,No target entity found in article text,ANALYZED,,,False,,0.0,,google,"""DeepFacts Pvt Ltd"" healthcare",0.0
P. D. Hinduja Hospital Launches ‘Quit to Live’ Installation on World No Tobacco Day 2026,https://millenniumnewsroom.com/healthcare/p-d-hinduja-hospital-launches-quit-to-live-installation-on-world-no-tobacco-day-2026,IRRELEVANT,No target entity found in article text,ANALYZED,,,False,,2.0,,google,"""DeepFacts Pvt Ltd"" healthcare",3174.0
"Startup news and updates: daily roundup (July 27, 2026)",https://yourstory.com/2026/07/startup-news-and-updates-daily-roundup-july-27-2026,REVIEW,Only one entity or weak context matched,ANALYZED,,proRITHM; proRithm; Prorithm,False,,7.0,"hnology workforce. DeepFacts charts India expansion for AI healthcare platform HealthTech startup DeepFacts Pvt. Ltd., creator of the AI-enabled remote patient monitoring platform proRITHM, has announced plans to expand across Andhra Pradesh, Karnataka, Tamil Nadu and Odisha before entering markets across India by early 2027. The company, which already has a strong presence in Telangana, also plans to enter the US market by late 2027 or early 2028. DeepFacts combines wearable technol",google_news,"""DeepFacts Pvt Ltd"" healthcare",18912.0
"Esports World Cup 2026: Thrilling finals produce new champions across EA FC, PUBG: BATTLEGROUNDS and Teamfight Tactics",https://www.itvoice.in/esports-world-cup-2026-thrilling-finals-produce-new-champions-across-ea-fc-pubg-battlegrounds-and-teamfight-tactics,IRRELEVANT,No target entity found in article text,ANALYZED,,,False,,0.0,,google_news,"""DeepFacts Pvt Ltd"" healthcare",5073.0
